"Depression","Gender","Academic_Pressure_mean","Work_Pressure_mean","Financial_Stress_mean"
"No","Female",2.37190082644628,2.93693693693694,2.86917740336967
"No","Male",2.31007751937985,2.92211838006231,2.8507326007326
"Yes","Female",3.71052631578947,3.82,3.54672897196262
"Yes","Male",3.6231884057971,3.9126213592233,3.40663900414938
